{
    "line_coverage": 18.161925601750546,
    "branch_coverage": 0.0,
    "instruction_coverage": 19.60591133004926,
    "database_interaction_line_coverage": 0.0
}