{
    "line_coverage": 78.45303867403315,
    "branch_coverage": 89.54545454545455,
    "instruction_coverage": 83.43711083437111,
    "database_interaction_line_coverage": -100.0
}