{
    "line_coverage": 60.48951048951049,
    "branch_coverage": 0.0,
    "instruction_coverage": 56.25517812758907,
    "database_interaction_line_coverage": -100.0
}