{
    "line_coverage": 78.26887661141805,
    "branch_coverage": 89.0909090909091,
    "instruction_coverage": 83.22955583229556,
    "database_interaction_line_coverage": -100.0
}