{
    "line_coverage": 78.63720073664825,
    "branch_coverage": 90.0,
    "instruction_coverage": 83.60315483603155,
    "database_interaction_line_coverage": -100.0
}