{
    "line_coverage": 29.22585227272727,
    "branch_coverage": 18.94353369763206,
    "instruction_coverage": 28.000267881060807,
    "database_interaction_line_coverage": -100.0
}