{
    "line_coverage": 60.83916083916085,
    "branch_coverage": 0.0,
    "instruction_coverage": 56.66942833471417,
    "database_interaction_line_coverage": -100.0
}