{
    "line_coverage": 29.474431818181817,
    "branch_coverage": 19.581056466302368,
    "instruction_coverage": 28.207875703187785,
    "database_interaction_line_coverage": -100.0
}