{
    "line_coverage": 29.474431818181817,
    "branch_coverage": 19.216757741347905,
    "instruction_coverage": 28.18778462362711,
    "database_interaction_line_coverage": -100.0
}