{
    "line_coverage": 29.296875,
    "branch_coverage": 19.30783242258652,
    "instruction_coverage": 28.094026252343955,
    "database_interaction_line_coverage": -100.0
}