{
    "line_coverage": 29.22585227272727,
    "branch_coverage": 19.581056466302368,
    "instruction_coverage": 28.060541119742833,
    "database_interaction_line_coverage": -100.0
}